timestamp,cpu_usage
20:02:16,26.41
20:02:17,29.48
20:02:18,20.06
20:02:19,40.13
20:02:20,34.87
20:02:21,36.16
20:02:22,31.1
20:02:23,33.43
20:02:24,41.14
20:02:25,21.58
20:02:26,28.88
20:02:27,43.64
20:02:28,39.19
20:02:29,29.73
20:02:30,27.79
20:02:31,40.97
20:02:32,42.24
20:02:33,36.07
20:02:34,43.26
20:02:35,85.03
20:02:36,42.28
20:02:37,28.17
20:02:38,86.81
20:02:39,29.54
20:02:40,32.3
20:02:41,85.11
20:02:42,30.33
20:02:43,39.25
20:02:44,97.17
20:02:45,20.89
20:02:46,42.17
20:02:47,20.01
20:02:48,25.64
20:02:49,94.31
20:02:50,44.76
20:02:51,43.4
20:02:52,34.72
20:02:53,42.5
20:02:54,31.54
20:02:55,38.43
20:02:56,43.74
20:02:57,26.65
20:02:58,37.38
20:02:59,36.69
20:03:00,43.07
20:03:02,22.39
20:03:03,39.17
20:03:04,26.82
20:03:05,27.62
20:03:06,28.88
20:03:07,30.05
20:03:08,35.73
20:03:09,28.54
20:03:10,40.22
20:03:11,23.22
20:03:12,43.43
20:03:13,42.05
20:03:14,41.84
20:03:15,24.68
20:03:16,39.63
20:03:17,36.7
20:03:18,26.13
20:03:19,42.36
20:03:20,92.01
20:03:21,39.68
20:03:22,91.71
20:03:23,33.27
20:03:24,41.43
20:03:25,41.89
20:03:26,37.76
20:03:27,44.03
20:03:28,37.85
20:03:29,43.09
20:03:30,21.08
20:03:31,41.78
20:03:32,33.5
20:03:33,26.3
20:03:34,23.39
20:03:35,38.1
20:03:36,40.33
20:03:37,25.48
20:03:38,31.91
20:03:39,96.81
20:03:40,36.25
20:03:41,26.82
20:03:42,25.18
20:03:43,28.33
20:03:44,30.32
20:03:45,31.01
20:03:46,40.41
20:03:47,44.89
20:03:48,42.64
20:03:49,21.29
20:03:50,29.62
20:03:51,32.68
20:03:52,40.39
20:03:53,26.23
20:03:54,41.69
20:03:55,25.84
20:03:56,41.03
20:03:57,30.93
20:03:58,37.15
20:03:59,34.96
20:04:00,39.77
20:04:01,37.64
20:04:02,40.25
20:04:03,29.51
20:04:04,25.78
20:04:05,26.92
20:04:06,22.12
20:04:07,29.69
20:04:08,43.56
20:04:09,21.36
20:04:10,32.12
20:04:11,36.09
20:04:12,27.08
20:04:13,24.08
20:04:14,40.54
20:04:15,21.58
20:04:16,41.61
20:04:17,26.5
20:04:18,35.14
20:04:19,21.19
20:04:20,35.42
20:04:21,87.17
20:04:22,22.92
20:04:23,25.68
20:04:24,43.27
20:04:25,41.92
20:04:26,85.18
20:04:27,30.62
20:04:28,24.67
20:04:29,27.07
20:04:30,36.62
20:04:31,30.37
20:04:32,32.45
20:04:45,24.35,13.32,53.2
20:04:46,33.04,13.24,54.28
20:04:47,20.96,11.87,50.7
20:04:48,41.46,13.26,41.17
20:04:49,90.7,10.69,51.47
20:04:50,89.33,5.46,50.23
20:04:51,22.75,5.13,51.77
20:04:52,41.65,13.63,52.96
20:04:53,38.11,9.23,46.61
20:04:54,43.75,12.38,58.43
20:04:55,42.13,6.64,47.16
20:04:56,20.23,5.65,57.38
20:04:57,23.41,10.14,46.35
20:04:58,28.4,14.39,45.96
20:04:59,24.36,7.37,48.98
20:05:00,26.22,8.63,57.34
20:05:01,85.45,9.24,59.69
20:05:02,31.53,11.4,47.17
20:05:03,44.81,14.72,43.42
20:05:04,39.0,13.1,48.28
20:05:05,23.62,6.42,52.53
20:05:06,37.53,14.12,58.46
20:05:07,32.89,8.53,56.3
20:05:08,43.2,10.93,42.39
20:05:09,44.41,12.94,49.72
20:05:10,38.58,7.5,41.98
20:05:11,42.31,13.17,44.08
20:05:12,38.61,13.74,54.77
20:05:13,35.75,5.84,58.49
20:05:14,27.92,9.21,59.47
20:05:15,44.21,7.74,56.13
20:05:16,35.18,9.57,48.21
20:05:17,31.2,10.33,52.73
20:05:18,37.39,10.98,45.83
20:05:19,23.77,14.56,47.99
20:05:20,87.24,8.84,46.55
20:05:21,33.48,10.43,45.51
20:05:22,27.41,7.82,42.21
20:05:23,44.08,11.75,59.86
20:05:24,43.34,6.81,57.9
20:05:25,23.3,12.09,50.16
20:05:26,39.71,9.45,42.57
20:05:27,33.26,14.98,44.42
20:05:28,37.14,11.83,53.9
20:05:29,91.7,5.02,43.52
20:05:30,37.17,6.67,44.55
20:05:31,34.36,8.96,51.67
20:05:32,32.8,13.57,58.34
20:05:33,26.9,6.56,53.14
20:05:34,25.69,8.58,52.81
20:05:35,43.51,8.59,50.39
20:05:36,41.52,9.67,42.51
20:05:37,32.16,14.63,53.22
20:05:38,39.89,5.35,54.4
20:05:39,27.64,6.81,53.94
20:05:40,42.33,7.23,55.43
20:05:41,25.41,11.78,49.7
20:05:42,28.75,5.39,57.12
20:05:43,25.8,6.63,41.79
20:05:44,21.96,8.29,40.38
20:05:45,22.9,5.0,52.23
20:05:46,33.88,10.36,43.36
20:05:47,33.97,9.25,44.56
20:05:48,37.19,14.86,59.13
20:05:49,34.44,8.88,58.5
20:05:50,21.03,5.23,40.69
20:05:51,23.66,5.36,55.89
20:05:52,27.41,6.39,47.14
20:05:53,20.6,13.4,58.2
20:05:54,38.39,11.35,44.44
20:05:55,29.79,7.87,55.19
20:05:56,40.81,12.71,56.27
20:05:57,21.06,13.5,52.25
20:05:58,24.17,5.4,58.76
20:05:59,43.49,10.28,58.47
20:06:00,24.88,10.82,58.77
20:06:01,25.77,8.03,52.74
20:06:02,37.7,9.93,43.48
20:06:03,41.09,7.77,41.71
20:06:04,44.42,6.53,58.1
20:06:05,27.71,5.6,56.01
20:06:06,25.26,6.77,47.36
20:06:07,27.98,9.65,45.28
20:06:08,23.29,10.24,57.39
20:06:09,27.17,9.97,42.99
20:06:10,31.29,8.38,59.52
20:06:11,38.53,9.58,42.83
20:06:12,27.27,10.91,48.1
20:06:13,23.86,8.66,59.94
20:06:14,41.19,5.17,46.84
20:06:15,36.93,11.08,52.67
20:06:16,38.85,9.05,45.72
20:06:17,29.57,10.46,55.23
20:06:18,38.43,5.62,40.28
20:06:19,43.52,11.48,54.52
20:06:20,28.51,14.11,59.95
20:06:21,38.63,5.62,50.96
20:06:22,37.24,11.01,45.69
20:06:23,22.6,6.01,55.49
20:06:24,24.4,12.55,40.08
20:06:25,30.11,6.79,53.38
20:06:26,24.14,13.88,40.23
20:06:27,43.07,13.17,58.95
20:06:28,24.92,5.75,48.94
20:06:29,38.8,6.67,57.53
20:06:30,33.96,8.24,49.08
20:06:31,32.37,14.78,48.95
20:06:32,40.82,10.09,43.66
20:06:33,26.31,6.66,58.12
20:06:34,37.23,11.74,59.67
20:06:35,21.37,8.14,46.22
20:06:36,23.69,5.92,43.14
20:06:37,34.72,5.94,46.0
20:06:38,43.26,13.8,51.4
20:06:39,23.18,6.74,41.07
20:06:40,39.56,6.21,40.58
20:06:41,42.23,12.44,48.18
20:06:42,43.63,7.91,50.6
20:06:43,34.09,11.06,49.64
20:06:44,43.68,14.45,52.99
20:06:45,21.2,10.95,56.38
20:06:46,36.84,7.69,40.53
20:06:47,38.17,15.0,40.77
20:06:48,44.42,9.73,54.04
20:06:49,24.33,9.21,45.37
20:06:50,38.02,13.41,59.51
20:06:51,21.95,12.14,45.3
20:06:52,25.35,13.4,55.71
20:06:53,28.97,14.55,57.64
20:06:54,40.43,12.06,59.64
20:06:55,27.01,9.06,41.04
20:06:56,22.26,12.71,53.16
20:06:57,30.8,9.22,45.98
20:06:58,31.21,10.19,56.3
20:06:59,27.46,13.73,58.38
20:07:00,21.35,11.3,49.16
20:07:01,29.3,13.83,41.29
20:07:02,22.69,11.69,42.35
20:07:03,30.5,6.58,45.22
20:07:04,32.71,14.67,49.98
20:07:05,27.32,13.74,40.67
20:07:06,27.6,6.7,49.53
20:07:07,27.3,9.52,51.27
20:07:08,35.43,9.0,43.42
20:07:09,30.11,7.2,56.75
20:07:10,43.52,13.07,43.34
20:07:11,34.1,10.53,40.21
20:07:12,26.77,5.85,41.57
20:07:13,20.7,13.76,45.33
20:07:14,20.76,9.49,47.97
20:07:15,36.21,5.9,50.56
20:07:16,87.5,13.3,55.49
20:07:17,28.65,13.03,48.68
20:07:18,36.78,6.92,40.24
20:07:19,22.42,8.93,40.33
20:07:20,43.76,14.77,44.39
20:07:21,20.17,10.78,50.95
20:07:22,31.91,10.47,42.96
20:07:23,36.59,7.02,43.5
20:07:24,34.08,7.39,52.45
20:07:25,40.62,6.92,48.89
20:07:26,27.35,8.95,56.89
20:07:27,32.9,8.28,51.78
20:07:28,31.58,7.0,47.21
20:07:29,32.13,14.93,53.04
20:07:30,39.13,7.07,48.75
20:07:31,29.53,14.47,59.16
20:07:32,34.79,11.92,42.17
20:07:33,37.15,8.82,59.78
20:07:34,30.72,14.58,59.85
20:07:35,20.01,8.05,48.68
20:07:36,38.71,13.91,53.95
20:07:37,38.11,10.33,57.08
20:07:38,20.91,6.51,54.3
20:07:39,22.92,12.8,45.75
20:07:40,35.22,14.9,41.8
20:07:41,35.02,11.68,52.38
20:07:42,35.94,10.3,49.66
20:07:43,27.96,14.41,57.89
20:07:44,26.43,12.15,40.4
20:07:45,36.51,11.84,42.67
20:07:46,38.44,13.55,51.99
20:07:47,20.35,10.98,53.57
20:07:48,20.07,9.93,43.59
20:07:49,42.67,13.14,41.47
20:07:50,31.88,13.2,56.08
20:07:51,26.78,12.59,58.82
20:07:52,36.63,11.62,41.94
20:07:53,32.46,10.92,40.77
20:07:54,27.38,9.85,59.52
20:07:55,30.92,7.07,54.62
20:07:56,25.78,13.41,45.84
20:07:57,25.76,5.33,42.17
20:07:58,21.03,5.15,51.29
20:07:59,31.24,9.3,48.87
20:08:00,28.21,13.38,51.11
20:08:01,37.56,6.93,48.72
20:08:02,37.96,13.49,53.43
20:08:03,39.11,10.26,42.64
20:08:04,39.59,11.92,52.54
20:08:05,44.33,8.34,47.51
20:08:06,26.76,6.02,49.7
20:08:07,94.53,6.29,59.14
20:08:08,27.91,12.17,56.94
20:08:09,34.73,12.46,51.21
20:08:10,22.0,9.21,41.79
20:08:11,42.16,7.96,40.47
20:08:12,30.85,6.39,50.51
20:08:13,38.26,13.88,49.19
20:08:14,91.55,6.59,53.57
20:08:15,34.82,11.54,52.78
20:08:16,36.49,10.78,56.85
20:08:17,24.08,11.85,46.47
20:08:18,41.76,12.09,56.43
20:08:19,24.3,9.64,46.66
20:08:20,25.25,9.2,46.93
20:08:21,26.06,5.6,43.78
20:08:22,23.99,14.92,51.99
20:08:23,25.21,5.94,57.98
20:08:24,28.78,5.23,53.67
20:08:25,35.42,7.7,54.44
20:08:26,32.51,7.71,40.95
20:08:27,25.06,8.08,49.96
20:08:28,95.17,8.38,46.05
20:08:29,31.6,11.11,40.34
20:08:30,44.47,11.81,41.42
20:08:31,34.75,6.57,55.96
20:08:32,20.86,9.35,52.29
20:08:33,41.69,11.69,52.08
20:08:34,94.22,9.15,44.17
20:08:36,32.55,10.28,50.43
20:08:37,38.83,13.91,45.46
20:08:38,33.42,11.99,50.97
20:08:39,31.15,12.64,57.67
20:08:40,28.42,8.35,44.64
20:08:41,30.91,7.35,50.77
20:08:42,42.9,11.76,41.92
20:08:43,21.76,8.32,58.01
20:08:44,20.7,13.97,43.8
20:08:45,22.26,7.9,44.08
20:08:46,31.25,8.94,44.01
20:08:47,25.11,11.5,56.99
20:08:48,91.68,6.66,53.05
20:08:49,30.4,12.89,43.56
20:08:50,27.76,5.34,51.58
20:08:51,33.96,6.62,50.65
20:08:52,37.01,11.21,47.87
20:08:53,26.3,14.17,58.25
20:08:54,28.94,11.0,59.26
20:08:55,41.3,9.93,53.97
20:08:56,32.81,13.99,49.82
20:08:57,44.96,8.83,57.97
20:08:58,23.5,5.49,58.85
20:08:59,33.4,6.76,59.85
20:09:00,20.17,11.24,59.58
20:09:01,35.6,13.99,43.54
20:09:02,44.85,14.33,54.15
20:09:03,33.63,12.76,53.94
20:09:04,39.1,7.14,55.47
20:09:05,37.46,11.36,43.71
20:09:06,35.26,7.98,42.6
20:09:07,37.28,6.27,52.2
20:09:08,20.41,5.53,47.84
20:09:09,28.23,9.66,59.43
20:09:10,24.42,14.29,58.51
20:09:11,42.2,12.26,44.57
20:09:12,36.34,6.57,46.62
20:09:13,23.67,8.41,54.46
20:09:14,39.0,13.12,55.24
20:09:15,36.28,7.7,55.28
20:09:16,23.93,10.11,56.11
20:09:17,25.41,13.29,55.36
20:09:18,23.32,12.0,40.56
20:09:19,21.15,7.26,54.9
20:09:20,39.75,6.34,53.89
20:09:21,41.87,5.34,58.49
20:09:22,20.9,13.1,40.08
20:09:23,23.77,13.24,59.33
20:09:24,35.09,6.68,59.95
20:09:25,35.4,11.49,53.19
20:09:26,42.95,6.6,59.41
20:09:27,36.27,5.05,59.5
20:09:28,25.77,13.85,41.05
20:09:29,22.87,13.8,58.1
20:09:30,44.31,11.65,55.91
20:09:31,29.61,7.08,58.02
20:09:32,40.61,7.64,40.46
20:09:33,40.34,14.93,41.62
20:09:34,36.69,7.96,53.6
20:09:35,33.09,5.1,51.23
20:09:36,33.85,10.45,45.43
20:09:37,31.96,14.94,56.27
20:09:38,41.18,14.95,45.95
20:09:39,30.38,13.47,51.72
20:09:40,32.89,10.86,41.7
20:09:41,43.36,8.94,51.16
20:09:42,35.16,11.46,48.02
20:09:43,44.09,5.72,47.96
20:09:44,30.94,6.31,53.97
20:09:45,35.59,8.21,53.87
20:09:46,32.54,10.36,45.16
20:09:47,37.43,13.46,40.26
20:09:48,38.46,14.84,50.63
20:09:49,20.49,12.53,51.5
20:09:50,25.57,11.86,52.27
20:09:51,22.55,13.86,44.89
20:09:52,27.53,13.49,59.96
20:09:53,20.32,7.77,50.73
20:09:54,44.93,10.15,46.65
20:09:55,24.53,14.59,40.06
20:09:56,35.1,6.72,46.49
20:09:57,40.7,9.61,40.51
20:09:58,31.32,12.27,53.89
20:09:59,20.02,7.73,59.91
20:10:00,32.21,9.1,53.82
20:10:01,36.82,13.58,47.32
20:10:02,24.73,14.89,55.1
20:10:03,97.95,8.02,44.14
20:10:04,44.54,10.74,49.76
20:10:05,37.82,10.34,52.75
20:10:06,30.9,7.38,50.72
20:10:07,25.5,12.53,43.24
20:10:08,34.44,11.18,40.92
20:10:09,37.32,9.68,54.7
20:10:10,41.16,9.28,52.07
20:10:11,29.86,10.59,54.78
20:10:12,27.68,10.49,59.49
20:10:13,25.21,13.07,42.04
20:10:14,39.79,8.65,54.53
20:10:15,27.78,6.78,41.77
20:10:16,35.77,10.36,56.67
20:10:17,27.48,5.93,51.6
20:10:18,40.26,9.14,54.03
20:10:19,38.25,5.03,56.56
20:10:20,33.32,12.26,49.25
20:10:21,32.12,5.06,48.27
20:10:22,29.44,10.29,43.2
20:10:23,36.91,13.42,56.26
20:10:24,41.88,14.04,54.03
20:10:25,37.51,12.25,43.07
20:10:26,42.53,8.37,43.33
20:10:27,38.38,11.73,42.97
20:10:28,22.51,7.37,42.74
20:10:29,33.33,8.63,52.7
20:10:30,42.66,8.94,44.17
20:10:31,36.39,6.37,49.29
20:10:32,43.35,8.78,47.85
20:10:33,28.59,9.88,48.43
20:10:34,42.21,9.47,60.0
20:10:35,32.29,5.05,53.5
20:10:36,41.14,9.37,48.86
20:10:37,22.69,11.38,42.24
20:10:38,29.78,13.32,47.39
20:10:39,36.4,8.81,44.71
20:10:40,33.22,12.16,54.21
20:10:41,35.08,12.58,47.99
20:10:42,24.42,11.44,50.56
20:10:43,24.62,5.51,51.04
20:10:44,23.11,12.29,43.31
20:10:45,37.83,11.3,54.56
20:10:46,22.44,13.47,43.69
20:10:47,35.4,9.78,42.45
20:10:48,32.0,14.9,59.55
20:10:49,38.65,13.47,54.48
20:10:50,43.26,7.05,49.55
20:10:51,38.59,5.65,48.38
20:10:52,25.36,12.76,50.41
20:10:53,41.57,13.24,44.48
20:10:54,27.62,11.84,41.68
20:10:56,24.71,6.13,44.87
20:10:57,21.54,7.35,52.27
20:10:58,41.83,6.37,46.26
20:10:59,30.51,7.9,57.2
20:11:00,39.62,6.91,49.83
20:11:01,31.85,13.07,57.93
20:11:02,20.89,14.24,44.71
20:11:03,25.24,8.29,57.84
20:11:04,40.99,12.71,49.34
20:11:05,38.87,8.13,56.92
20:11:06,20.43,9.03,54.83
20:11:07,34.3,7.51,54.01
20:11:08,41.27,10.59,47.23
20:11:09,22.4,14.82,47.97
20:11:10,26.7,5.58,46.18
20:11:11,88.81,12.15,49.58
20:11:12,26.87,14.08,54.76
20:11:13,29.39,5.25,45.15
20:11:14,31.54,5.61,42.36
20:11:15,21.77,8.92,59.96
20:11:16,44.53,5.63,55.92
20:11:17,20.77,7.24,40.19
20:11:18,28.75,9.85,57.39
20:11:19,34.53,13.81,40.02
20:11:20,24.54,7.09,40.62
20:11:21,25.59,10.62,42.97
20:11:22,42.52,5.57,58.56
20:11:23,43.48,12.26,41.45
20:11:24,87.67,13.42,58.89
20:11:25,28.11,12.7,55.44
20:11:26,96.64,11.4,57.25
20:11:27,21.97,12.24,41.92
20:11:28,39.52,11.24,40.67
20:11:29,28.78,14.53,59.68
20:11:30,28.32,7.51,41.2
20:11:31,25.53,5.08,52.7
20:11:32,31.38,5.66,50.7
20:11:33,23.72,12.63,40.06
20:11:34,29.56,8.17,55.3
20:11:35,41.58,12.47,51.23
20:11:36,41.52,11.18,50.39
20:11:37,20.2,13.05,45.62
20:11:38,40.59,11.85,45.72
20:11:39,36.34,11.68,58.36
20:11:40,39.98,8.39,59.82
20:11:41,32.23,9.7,56.46
20:11:42,24.48,9.07,50.7
20:11:43,41.27,13.52,44.1
20:11:44,24.64,8.82,40.12
20:11:45,44.44,13.97,47.14
20:11:46,30.64,14.24,55.45
20:11:47,40.43,14.94,46.81
20:11:48,40.14,13.18,41.02
20:11:49,35.25,12.31,53.36
20:11:50,41.05,10.65,51.88
20:11:51,23.6,7.87,47.9
20:11:52,25.87,14.78,48.39
20:11:53,43.15,8.49,56.71
20:11:54,22.33,5.27,48.66
20:11:55,31.63,7.57,51.05
20:11:56,25.54,9.49,58.59
20:11:57,86.77,14.92,44.43
20:11:58,36.88,6.02,56.85
20:11:59,35.08,12.86,56.04
20:12:00,38.96,13.8,54.54
20:12:01,21.64,5.74,42.12
20:12:02,28.09,5.12,51.88
20:12:03,24.15,7.42,41.72
20:12:04,30.09,8.79,55.71
20:12:05,27.65,12.32,41.93
20:12:06,29.57,13.51,45.58
20:12:07,37.98,14.07,53.75
20:12:08,35.39,10.8,52.76
20:12:09,32.24,8.28,51.32
20:12:10,21.82,6.92,47.75
20:12:11,32.87,7.53,47.99
20:12:12,41.41,9.13,41.51
20:12:13,38.17,14.95,51.73
20:12:14,35.62,13.23,43.94
20:12:15,42.25,12.39,58.14
20:12:16,41.79,8.52,50.0
20:12:17,24.72,11.12,51.29
20:12:18,25.22,9.87,40.05
20:12:19,34.5,5.55,42.49
20:12:20,20.24,13.98,52.85
20:12:21,42.11,8.6,57.77
20:12:22,35.16,7.97,40.67
20:12:23,21.64,9.02,57.69
20:12:24,40.49,11.88,48.44
20:12:25,28.83,10.18,49.86
20:12:26,39.24,5.57,50.91
20:12:27,26.42,6.26,59.4
20:12:28,29.55,6.49,55.13
20:12:29,43.92,11.98,42.42
20:12:30,30.45,11.72,53.88
20:12:31,21.13,9.56,40.13
20:12:32,39.89,7.15,54.11
20:12:33,37.67,10.2,42.11
20:12:34,39.49,14.93,49.82
20:12:35,33.14,6.92,48.28
20:12:36,29.74,9.0,45.32
20:12:37,23.6,11.54,44.53
20:12:38,29.3,12.39,58.21
20:12:39,37.08,5.35,49.46
20:12:40,36.08,9.39,44.12
20:12:41,32.25,10.09,48.27
20:12:42,36.62,8.06,43.77
20:12:43,28.14,14.35,58.9
20:12:44,40.2,10.76,56.37
20:12:45,38.33,5.83,44.11
20:12:46,32.0,6.59,49.85
20:12:47,30.74,8.0,57.73
20:12:48,35.44,8.85,51.14
20:12:49,21.08,14.23,53.09
20:12:50,20.27,13.58,43.09
20:12:51,24.55,7.76,56.53
20:12:52,20.48,11.94,59.71
20:12:53,43.45,13.33,53.73
20:12:54,31.89,11.88,54.45
20:12:55,93.62,6.26,48.27
20:12:56,37.53,12.11,58.04
20:12:57,30.65,7.04,49.62
20:12:58,21.77,12.82,57.33
20:12:59,24.58,10.63,48.23
20:13:00,42.6,13.29,42.17
20:13:01,35.79,10.09,44.73
20:13:02,32.02,10.69,40.2
20:13:03,21.47,14.32,55.28
20:13:04,44.32,6.91,44.24
20:13:05,30.93,7.59,54.77
20:13:06,30.25,7.95,54.51
20:13:07,40.53,6.56,49.77
20:13:08,22.76,12.6,47.12
20:13:09,35.55,8.46,45.08
20:13:10,21.11,13.48,44.9
20:13:11,33.86,12.97,53.98
20:13:12,31.35,11.72,42.77
20:13:13,32.89,8.03,51.15
20:13:14,26.94,14.02,58.56
20:13:15,40.42,11.71,48.45
20:13:16,28.33,6.28,44.43
20:13:17,23.6,9.29,46.51
20:13:18,33.43,5.03,52.62
20:13:19,30.97,14.29,45.02
20:13:20,21.13,14.8,50.82
20:13:21,25.76,13.4,45.72
20:13:22,27.59,6.94,42.02
20:13:23,35.32,5.65,46.6
20:13:24,20.56,8.75,57.09
20:13:25,28.89,8.86,59.82
20:13:26,20.01,8.65,54.67
20:13:27,38.38,7.51,51.94
20:13:28,41.68,11.95,51.59
20:13:29,33.59,14.93,43.91
20:13:30,35.57,8.94,42.81
20:13:31,33.58,5.11,48.33
20:13:32,27.05,5.94,54.28
20:13:33,41.61,10.52,50.69
20:13:34,26.62,13.63,45.46
20:13:35,43.66,10.42,44.82
20:13:36,22.45,14.73,46.23
20:13:37,29.68,9.48,40.38
20:13:38,21.61,5.96,41.6
20:13:39,20.7,12.74,40.2
20:13:40,43.9,5.71,52.27
20:13:41,26.01,13.34,50.44
20:13:42,28.84,14.92,56.55
20:13:43,25.67,11.98,48.03
20:13:44,22.94,5.73,53.46
20:13:45,43.56,8.16,59.12
20:13:46,32.03,14.4,45.24
20:13:47,38.3,13.5,44.95
20:13:48,39.44,10.86,56.22
20:13:49,36.67,7.24,56.37
20:13:50,36.3,9.94,48.22
20:13:51,42.87,6.61,47.75
20:13:52,40.29,12.97,48.39
20:24:25,23.19,8.98,40.95
20:24:26,21.45,14.61,43.78
20:24:27,23.52,5.35,41.45
20:24:28,32.74,11.9,49.8
20:24:29,34.6,5.61,50.62
20:24:30,33.46,7.44,58.28
20:24:31,42.6,7.93,59.52
20:24:32,41.47,6.31,44.39
20:24:33,33.0,10.75,58.58
20:24:34,23.28,10.21,58.41
20:24:35,20.13,5.6,53.35
20:24:36,30.21,11.4,54.65
20:24:37,44.8,12.45,45.04
20:24:38,39.58,9.46,50.11
20:24:39,29.42,11.44,44.9
20:24:40,42.27,8.8,45.48
20:24:41,37.22,7.2,43.67
20:24:42,30.23,8.7,47.86
20:24:43,20.08,11.49,50.13
20:24:44,24.79,11.79,42.33
20:24:45,44.63,12.34,41.34
20:24:46,39.57,9.81,58.2
20:24:47,32.57,13.72,57.69
20:24:48,24.04,8.04,59.77
20:24:49,27.51,11.95,41.47
20:24:50,30.83,14.59,57.61
20:24:51,39.86,7.55,53.01
20:24:52,27.58,14.98,48.21
20:24:53,39.54,8.85,43.16
20:24:54,44.12,7.42,52.66
20:24:55,41.0,10.96,44.77
20:24:56,39.06,7.45,59.37
20:24:57,39.3,11.5,59.59
20:24:58,33.78,6.31,46.63
20:24:59,35.03,9.13,51.61
20:25:00,24.3,13.56,54.04
20:25:01,33.16,6.0,57.91
20:25:02,44.71,8.32,49.8
20:25:03,35.95,12.25,51.75
20:25:04,33.04,5.88,59.0
20:25:05,41.0,7.46,45.37
20:25:06,43.31,11.52,42.07
20:25:07,42.4,12.1,46.81
20:25:08,35.09,13.64,51.38
20:25:09,22.49,9.01,54.86
20:25:10,44.5,13.44,54.95
20:25:11,26.24,5.41,43.61
20:25:12,21.7,12.54,43.69
20:25:13,23.26,10.24,53.24
20:25:14,29.65,7.61,50.21
20:25:15,28.51,12.0,40.85
20:25:16,43.0,6.44,57.49
20:25:17,43.23,12.44,45.1
20:25:18,22.98,5.98,46.23
20:25:19,24.47,13.46,58.94
20:25:20,42.35,11.81,41.55
20:25:21,21.61,13.88,59.7
20:25:22,35.11,5.97,52.52
20:25:23,34.46,9.07,53.45
20:25:24,23.06,12.7,54.21
20:25:25,20.83,10.35,57.64
20:25:26,39.46,6.2,50.22
20:25:27,20.6,5.76,43.61
20:25:28,39.71,8.88,47.77
20:25:29,43.14,6.79,52.66
20:25:30,37.04,14.26,55.15
20:25:32,34.03,14.47,58.65
20:25:33,36.95,5.68,52.49
20:25:34,30.99,7.35,57.05
20:25:35,35.8,11.65,41.29
20:25:36,44.1,11.74,58.93
20:25:37,23.22,12.47,48.65
20:25:38,42.82,9.2,40.12
20:25:39,25.33,13.17,48.84
20:25:40,93.73,7.49,53.55
20:25:41,43.97,12.3,46.29
20:25:42,44.14,9.41,47.92
20:25:43,26.4,6.58,58.73
20:25:44,29.12,14.51,49.19
20:25:45,24.27,14.77,51.2
20:25:46,44.02,6.98,54.23
20:25:47,38.98,7.07,50.9
20:25:48,40.3,8.45,45.77
20:25:49,44.47,7.93,49.56
20:25:50,35.71,8.78,46.63
20:25:51,27.7,8.72,45.54
20:25:52,32.65,9.04,45.15
20:25:53,43.32,5.71,55.18
20:25:54,25.66,7.57,57.23
20:25:55,32.25,9.16,52.23
20:25:56,23.03,13.87,52.27
20:25:57,27.01,5.8,43.37
20:25:58,40.49,7.86,40.51
20:25:59,31.89,5.19,53.9
20:26:00,27.69,12.14,42.99
20:26:01,37.82,14.34,48.17
20:26:02,26.98,14.6,50.96
20:26:03,43.62,14.25,56.93
20:26:04,35.43,10.07,50.63
20:26:05,93.32,12.15,54.4
20:26:06,29.02,11.92,59.7
20:26:07,40.15,11.59,53.98
20:26:08,40.15,9.1,56.07
20:26:09,86.47,5.1,47.92
20:26:10,32.69,8.88,51.61
20:26:11,43.65,5.18,45.58
20:26:12,87.04,13.39,45.62
20:26:13,25.29,5.24,40.03
20:26:14,36.79,11.64,46.92
20:26:15,27.72,8.09,49.65
20:26:16,97.5,14.26,58.06
20:26:17,40.43,5.91,59.55
20:26:18,35.53,6.07,53.92
20:26:19,30.43,7.94,53.49
20:26:20,31.58,12.68,43.99
20:26:21,41.72,8.85,54.59
20:26:22,21.47,6.31,58.32
20:26:23,27.32,14.0,59.92
20:26:24,95.3,6.99,46.62
20:26:25,40.55,12.44,46.42
20:26:26,37.56,6.6,59.34
20:26:27,38.3,13.27,43.34
20:26:28,39.68,13.2,41.12
20:26:29,25.33,6.23,45.65
20:26:30,24.08,11.71,46.58
20:26:31,34.65,5.37,48.81
20:26:32,43.57,13.98,44.0
20:26:33,37.3,10.97,58.18
20:26:34,41.27,9.7,45.51
20:26:35,23.47,7.52,50.99
20:26:36,38.03,6.22,50.08
20:26:37,37.92,8.01,41.11
20:26:38,27.74,14.27,41.7
20:26:39,39.43,8.56,48.31
20:26:40,41.4,5.21,48.86
20:26:41,31.38,9.36,51.05
20:26:42,34.78,11.84,55.86
20:26:43,32.24,14.98,50.12
20:26:44,36.47,5.47,41.47
20:26:45,26.29,6.92,57.89
20:26:46,23.95,12.16,55.72
20:26:47,25.2,7.13,59.62
20:26:48,33.51,7.83,56.94
20:26:49,43.61,10.3,49.31
20:26:50,21.41,12.94,45.66
20:26:51,36.69,5.83,48.55
20:26:52,35.8,7.67,46.01
20:26:53,23.4,6.84,40.61
20:26:54,22.33,14.38,53.68
20:26:55,34.97,7.93,54.52
20:26:56,33.85,7.4,41.66
20:26:57,40.49,7.62,49.44
20:26:58,23.05,5.2,55.99
20:46:31,39.45,8.94,57.62
20:46:32,43.13,9.19,52.06
20:46:33,26.52,9.38,45.56
20:46:34,35.78,11.22,41.91
20:46:35,23.98,12.17,51.53
20:46:36,26.03,9.96,52.01
20:46:40,40.08,5.41,44.64
20:46:41,38.25,13.88,52.56
20:46:42,32.74,7.72,51.31
20:46:43,31.56,6.47,59.49
20:46:44,22.45,12.42,45.22
20:46:45,44.95,8.0,48.96
20:46:46,30.65,8.5,42.88
20:46:47,93.33,12.97,44.28
20:46:48,26.95,6.61,48.31
20:46:49,20.74,8.62,50.87
20:46:50,20.78,13.03,54.26
20:46:51,38.0,14.66,47.9
20:46:52,31.83,5.54,58.47
20:46:53,26.7,6.88,40.69
20:46:54,30.85,12.73,53.79
20:46:55,22.01,13.4,41.03
20:46:56,42.23,10.88,46.04
20:46:57,34.27,14.44,58.96
20:46:58,33.91,11.09,58.12
20:46:59,32.37,7.55,56.81
20:47:00,87.96,11.93,46.33
20:47:01,24.49,12.78,47.43
20:47:02,33.72,5.07,50.54
20:47:03,31.65,8.72,40.51
20:47:04,27.03,10.93,42.27
20:47:05,43.38,13.5,51.39
20:47:06,40.63,6.31,47.94
20:47:07,41.31,11.81,46.78
20:47:08,30.39,11.16,57.46
20:47:09,41.7,9.8,46.04
20:47:10,31.43,6.36,57.83
20:47:11,35.88,6.89,40.01
20:47:12,21.72,13.91,58.56
20:47:13,26.4,5.91,57.37
20:47:14,27.11,11.51,43.24
20:47:15,38.87,14.94,58.71
20:47:16,37.99,12.83,55.08
20:47:17,37.9,11.4,59.5
20:47:18,35.86,9.63,47.85
20:47:19,26.96,7.69,43.65
20:47:20,35.14,6.49,42.53
20:47:21,97.13,5.4,52.57
20:47:22,20.92,9.46,56.91
20:47:23,22.15,8.04,46.78
20:47:24,36.04,14.99,57.57
20:47:25,33.71,11.72,53.23
20:47:26,25.56,9.66,50.02
20:47:27,31.83,9.01,45.53
20:47:28,38.24,14.28,47.99
20:47:29,30.25,5.48,53.79
20:47:30,36.2,14.23,48.2
20:47:31,43.63,9.92,46.51
20:47:32,38.32,5.58,55.51
20:47:33,30.89,11.3,48.42
20:47:34,40.0,5.32,49.02
20:47:35,28.34,14.41,41.57
20:47:36,21.04,12.94,45.99
20:47:37,32.09,8.92,43.63
20:47:39,32.14,10.11,41.62
20:47:40,21.66,13.39,48.36
20:47:41,39.98,11.1,42.21
20:47:42,40.63,8.96,43.01
20:47:43,35.64,10.48,50.75
20:47:44,26.83,8.34,59.88
20:47:45,22.62,8.21,43.75
20:47:46,32.14,9.67,54.36
20:47:47,23.97,11.71,49.06
20:47:48,37.0,11.0,48.88
20:47:49,33.45,9.01,46.57
20:47:50,36.64,10.78,49.66
20:47:51,20.76,8.72,47.09
20:47:52,34.08,11.89,46.33
20:47:53,23.14,14.31,44.63
20:47:54,38.11,9.57,56.96
20:47:55,24.99,6.06,57.25
20:47:56,27.58,5.88,50.35
20:47:57,28.85,6.5,54.84
20:47:58,23.52,5.08,51.92
20:47:59,43.09,10.53,44.86
20:48:00,39.4,5.51,47.25
20:48:01,86.15,14.39,46.73
20:48:02,34.95,11.75,58.13
20:48:03,34.93,11.66,53.83
20:48:04,85.79,14.69,49.6
20:48:05,22.22,13.37,49.9
20:48:06,22.69,10.58,41.75
20:48:07,34.94,13.8,49.0
20:48:08,25.23,11.93,41.21
20:48:09,39.1,5.69,44.84
20:48:10,41.31,9.55,57.92
20:48:11,29.0,13.99,45.97
20:48:12,36.68,8.44,42.39
20:48:13,34.76,13.23,40.5
20:48:14,41.35,6.02,57.56
20:48:15,44.2,14.48,43.73
20:48:16,36.0,5.67,50.31
20:48:17,44.37,14.69,57.6
20:48:18,42.78,10.12,42.87
20:48:19,41.89,9.15,54.0
20:48:20,44.06,12.11,51.28
20:48:21,32.78,8.94,42.63
20:48:22,38.92,9.03,51.47
20:48:23,39.62,13.89,44.71
20:48:24,42.12,5.53,48.26
20:48:25,43.84,11.3,41.42
20:48:26,34.48,9.63,55.71
20:48:27,35.0,11.68,59.59
20:48:28,21.32,5.62,49.81
20:48:29,27.49,9.26,46.98
20:48:30,33.05,10.33,48.27
20:48:31,33.46,5.59,50.98
20:48:32,27.5,11.73,56.06
20:48:33,32.86,7.55,50.25
20:48:34,28.27,14.86,51.65
20:48:35,86.2,12.35,59.82
20:48:36,41.53,11.53,50.82
20:48:37,23.01,8.89,49.32
20:48:38,37.91,12.13,59.9
20:48:39,36.05,5.31,49.98
20:48:40,92.14,10.5,48.13
20:48:41,42.56,12.46,58.25
20:48:42,97.18,9.26,57.3
20:48:43,31.97,13.93,54.55
20:48:44,34.94,10.07,55.51
20:48:45,92.62,14.48,43.91
20:48:46,40.6,7.32,57.49
20:48:47,28.33,8.99,52.7
20:48:48,38.04,13.57,55.96
20:48:49,26.48,11.78,50.82
20:48:50,28.79,6.68,49.13
20:48:51,40.02,8.97,47.06
20:48:52,25.16,12.88,58.6
20:48:53,20.97,8.33,50.15
20:48:54,38.77,13.25,52.0
20:48:55,24.0,6.81,59.65
20:48:56,20.58,11.58,52.01
20:48:57,31.14,10.95,43.47
20:48:58,36.89,8.21,57.44
20:48:59,20.89,10.19,47.0
20:49:00,37.68,8.86,40.12
20:49:01,44.64,12.12,55.36
20:49:02,27.5,9.06,49.02
20:49:03,24.77,7.83,55.1
20:49:04,34.57,5.32,41.11
20:49:05,26.54,7.53,49.25
20:49:06,29.4,10.83,51.49
20:49:07,30.02,6.89,46.02
20:49:08,38.54,9.18,52.01
20:49:09,32.74,14.74,53.06
20:49:10,20.83,7.28,54.03
20:49:11,37.12,11.41,53.63
20:49:12,27.7,12.82,44.18
20:49:13,29.76,11.09,41.2
20:49:14,43.22,14.19,45.27
20:49:15,20.97,11.05,56.58
20:49:16,43.49,11.16,56.25
20:49:17,87.07,12.59,42.42
20:49:18,28.97,6.83,54.78
20:49:19,39.41,7.89,51.15
20:49:20,30.23,9.82,43.76
20:49:21,36.53,5.96,57.01
20:49:22,97.49,13.21,58.07
20:49:23,25.06,10.82,41.06
20:49:24,24.76,5.12,55.21
20:49:25,24.55,13.83,50.99
20:49:26,25.91,7.17,41.57
20:49:27,24.89,14.79,59.62
20:49:28,38.53,8.74,47.22
20:49:29,25.95,8.77,50.03
20:49:31,43.34,5.88,57.46
20:49:32,24.78,5.93,59.19
20:49:33,26.67,8.56,59.99
20:49:34,40.33,7.07,41.27
20:49:35,26.12,8.87,43.91
20:49:36,22.59,6.14,46.65
20:49:37,34.01,5.36,43.93
20:49:38,24.67,11.31,47.3
20:49:39,23.14,10.86,54.22
20:49:40,40.94,14.52,45.42
20:49:41,20.05,13.32,54.99
20:49:42,37.38,5.33,47.15
20:49:43,30.0,5.16,59.44
20:49:44,30.91,10.63,49.21
20:49:45,21.92,7.18,59.5
20:49:46,26.93,12.67,48.77
20:49:47,27.77,8.21,41.32
20:49:48,22.32,5.5,50.85
20:49:49,40.37,8.39,59.78
20:49:50,30.2,12.11,53.3
20:49:51,34.22,7.17,59.97
20:49:52,44.81,6.71,53.41
20:49:53,35.19,9.78,59.79
20:49:54,41.17,6.9,45.94
20:49:55,39.43,6.15,47.69
20:49:56,40.94,14.76,54.19
20:49:57,22.08,11.49,43.82
20:49:58,34.21,11.61,54.2
20:49:59,38.47,11.18,42.31
20:50:00,36.5,12.9,58.11
20:50:01,89.77,10.89,45.65
20:50:02,92.82,11.94,45.44
20:50:03,86.6,11.31,52.86
20:50:04,31.07,11.69,48.23
20:50:05,43.33,12.62,44.34
20:50:06,44.41,12.91,54.16
20:50:07,28.8,5.67,46.19
20:50:08,38.04,9.91,47.27
20:50:09,34.3,8.5,46.46
20:50:10,20.57,6.92,50.76
20:50:11,21.31,12.46,57.4
20:50:12,28.26,12.85,57.63
20:50:13,31.35,7.68,50.38
20:50:14,21.06,6.59,46.74
20:50:15,30.58,7.31,41.91
20:50:16,44.23,5.34,45.41
20:50:17,24.03,13.25,56.84
20:50:18,88.7,12.18,47.81
20:50:19,28.72,5.57,56.63
20:50:20,44.66,6.77,54.16
20:50:21,27.9,12.19,59.43
20:50:22,33.06,13.37,47.37
20:50:23,36.28,14.02,58.95
20:50:24,34.06,9.9,52.91
20:50:25,43.89,5.18,47.19
20:50:26,36.53,14.9,58.7
20:50:27,89.96,10.22,42.19
20:50:28,91.74,11.46,58.09
20:50:29,31.11,11.65,54.05
20:50:30,27.19,12.49,57.33
20:50:31,40.14,7.56,54.47
20:50:32,28.27,13.64,55.35
20:50:33,26.98,14.29,48.6
20:50:34,26.01,8.96,59.95
20:50:35,29.12,5.76,42.45
20:50:36,41.64,7.29,45.34
20:50:37,29.83,11.22,45.96
20:50:38,36.3,5.77,47.68
20:50:39,39.65,9.69,48.21
20:50:40,22.43,8.56,59.23
20:50:41,38.74,9.67,46.27
20:50:42,42.48,6.03,43.34
20:50:43,44.35,5.83,54.35
20:50:44,39.49,9.26,50.78
20:50:45,22.57,10.07,52.45
20:50:46,29.55,6.4,46.48
20:50:47,42.58,13.4,45.41
20:50:48,26.25,9.9,49.25
20:50:49,31.12,7.19,50.25
20:50:50,44.25,8.07,58.8
20:50:51,32.15,14.46,53.72
20:50:52,26.29,5.18,52.4
20:50:53,39.47,13.05,45.82
20:50:54,39.72,5.92,57.98
20:50:55,42.01,12.03,58.62
20:50:56,22.5,12.98,47.48
20:50:57,86.89,9.13,54.65
20:50:58,21.82,9.98,42.82
20:50:59,44.09,14.52,41.61
20:51:00,36.56,13.83,50.6
20:51:01,20.69,10.61,42.93
20:51:02,22.62,14.0,52.34
20:51:03,43.6,8.46,44.16
20:51:04,29.96,9.32,53.4
20:51:05,95.46,14.66,58.36
20:51:06,38.4,11.33,51.46
20:51:07,41.36,14.9,55.01
20:51:08,42.87,5.49,50.28
20:51:09,30.4,5.24,45.44
20:51:10,35.92,11.67,57.98
20:51:11,36.8,10.6,45.9
20:51:12,40.67,9.68,49.25
20:51:13,41.11,5.0,58.45
20:51:14,29.67,11.34,52.98
20:51:15,42.04,6.27,45.1
20:51:16,40.18,9.32,56.69
20:51:17,41.31,12.73,44.71
20:51:18,97.49,7.75,52.5
20:51:19,21.93,5.79,57.32
20:51:20,22.82,11.52,58.12
20:51:21,29.43,7.74,59.71
20:51:22,22.66,6.39,56.69
20:51:23,22.09,10.55,46.58
20:51:24,40.44,12.65,56.31
20:51:25,26.71,9.43,55.14
20:51:26,42.35,8.61,48.89
20:51:27,91.64,13.66,56.2
20:51:28,27.59,5.37,51.44
20:51:29,35.02,13.63,57.64
20:51:30,41.04,10.33,46.31
20:51:31,44.15,14.73,42.19
20:51:32,29.94,7.39,42.2
20:51:33,28.99,13.77,54.04
20:51:34,37.97,5.22,56.39
20:51:35,33.68,12.86,45.98
20:51:36,27.11,13.74,40.8
20:51:37,26.06,11.1,56.18
20:51:38,37.2,10.6,56.73
20:51:39,21.36,7.66,48.08
20:51:40,22.9,13.91,40.72
20:51:41,29.84,14.73,40.7
20:51:42,30.69,5.02,51.28
20:51:43,44.14,5.46,45.88
20:51:44,29.95,10.33,40.16
20:51:45,23.3,5.96,55.87
20:51:46,44.86,5.69,55.86
20:51:47,26.29,8.0,53.49
20:51:48,42.58,8.68,48.47
20:51:49,30.96,14.32,47.5
20:51:50,23.14,11.7,48.67
20:51:51,39.64,11.33,55.75
20:51:52,33.61,11.68,54.3
20:51:53,41.2,10.12,52.92
20:51:54,20.9,12.96,45.22
20:51:55,25.34,8.88,58.49
20:51:56,91.35,12.0,49.22
20:51:57,44.38,6.96,46.19
20:51:58,40.28,10.69,58.24
20:51:59,28.82,14.97,54.89
20:52:01,41.54,11.83,40.81
20:52:02,38.84,9.03,44.74
20:52:03,30.39,11.36,47.74
20:52:04,30.91,8.46,44.42
20:52:05,24.45,11.51,56.05
20:52:06,31.19,14.54,55.27
20:52:07,41.85,6.51,45.91
20:52:08,35.02,12.05,48.6
20:52:09,28.26,11.57,41.29
20:52:10,37.19,13.58,58.39
20:52:11,23.88,8.77,40.96
20:52:12,38.16,8.89,58.78
20:52:13,20.16,13.33,50.65
20:52:14,35.58,7.46,47.04
20:52:15,32.41,13.43,40.55
20:52:16,32.69,12.67,49.55
20:52:17,20.88,12.76,51.32
20:52:18,20.21,14.39,55.52
20:52:19,36.96,11.16,49.82
20:52:20,44.19,7.34,50.99
20:52:21,31.61,9.12,51.55
20:52:22,37.09,13.21,56.4
20:52:23,36.38,10.03,53.02
20:52:24,44.71,10.31,44.57
20:52:25,32.84,7.58,45.44
20:52:26,43.66,7.35,43.98
20:52:27,94.47,8.58,46.38
20:52:28,44.06,8.76,40.33
20:52:29,34.22,12.12,47.41
20:52:30,97.16,7.62,47.34
20:52:31,39.22,7.3,40.21
20:52:32,37.75,12.53,45.81
20:52:33,41.61,13.86,40.78
20:52:34,28.58,8.04,57.68
20:52:35,25.76,6.66,55.92
20:52:36,41.79,14.41,50.3
20:52:37,44.29,11.99,49.74
20:52:38,23.78,10.11,45.22
20:52:39,30.3,6.34,42.95
20:52:40,44.26,14.58,57.75
20:52:41,42.83,12.32,43.07
20:52:42,22.28,7.95,41.15
20:52:43,28.26,12.08,51.17
20:52:44,31.18,10.11,55.78
20:52:45,23.12,11.95,44.03
20:52:46,25.16,9.41,49.96
20:52:47,23.04,9.19,50.97
20:52:48,27.0,14.47,57.08
20:52:49,25.28,13.14,53.16
20:52:50,23.96,8.09,46.35
20:52:51,22.29,13.59,41.17
20:52:52,31.62,14.17,54.39
20:52:53,43.37,11.04,44.42
20:52:54,93.2,12.79,58.82
20:52:55,32.19,10.9,57.36
20:52:56,23.0,7.02,45.29
20:52:57,28.68,10.6,59.2
20:52:58,39.7,5.48,46.67
20:52:59,27.62,10.06,56.5
20:53:00,21.2,6.09,59.56
20:53:01,33.95,8.59,46.85
20:53:02,24.49,8.8,55.63
20:53:03,40.47,11.81,50.73
20:53:04,32.08,12.1,45.44
20:53:05,41.58,7.97,45.64
20:53:06,43.92,12.18,48.58
20:53:07,38.25,14.42,53.64
20:53:08,21.87,7.48,58.32
20:53:09,36.32,13.75,57.69
20:53:10,36.54,7.31,43.75
20:53:11,37.05,5.46,59.31
20:53:12,28.16,13.59,48.78
20:53:13,30.0,11.74,51.12
20:53:14,42.79,11.76,40.3
20:53:15,42.19,8.22,48.31
20:53:16,25.17,5.74,44.7
20:53:17,21.81,6.27,44.36
20:53:18,30.82,9.9,49.17
20:53:19,30.22,11.69,47.64
20:53:20,37.3,7.63,54.91
20:53:21,38.78,8.35,42.42
20:53:22,35.75,8.92,53.89
20:53:23,30.03,7.25,51.55
20:53:24,33.16,13.31,57.66
20:53:25,42.69,10.56,41.02
20:53:26,34.09,7.98,50.45
20:53:27,24.51,8.91,50.71
20:53:28,26.52,6.26,41.24
20:53:29,29.9,7.22,52.71
20:53:30,31.6,8.11,42.48
20:53:31,38.52,14.86,52.92
20:53:32,35.25,9.17,43.6
20:53:33,94.08,9.3,43.34
20:53:34,28.1,10.84,58.5
20:53:35,24.98,7.32,57.1
20:53:36,36.54,14.43,41.18
20:53:37,28.75,9.8,48.63
20:53:38,41.87,9.61,57.93
20:53:39,23.16,13.53,56.96
20:53:40,37.14,8.93,46.37
20:53:41,35.18,7.09,47.38
20:53:42,34.96,8.27,46.92
20:53:43,94.29,13.56,46.44
20:53:44,32.46,10.68,52.06
20:53:45,42.21,5.15,42.22
20:53:46,21.18,7.46,45.29
20:53:47,22.13,5.69,53.85
20:53:48,40.06,11.42,45.67
20:53:49,37.87,13.7,43.18
20:53:50,21.87,8.93,56.03
20:53:51,43.46,13.86,57.26
20:53:52,35.41,13.91,53.8
20:53:53,40.91,8.44,49.25
20:53:54,38.71,9.33,45.0
20:53:55,39.47,11.6,43.67
20:53:56,38.92,13.18,51.44
20:53:57,20.65,6.16,47.28
20:53:58,35.32,6.48,42.37
20:53:59,37.01,11.84,54.24
20:54:00,24.43,5.87,50.27
20:54:01,34.99,6.48,50.69
20:54:02,26.44,13.7,47.5
20:54:03,37.53,13.07,40.38
20:54:04,24.64,6.12,43.66
20:54:05,38.46,6.21,59.61
20:54:06,30.24,14.31,51.85
20:54:07,26.96,9.86,47.62
20:54:08,23.09,10.5,47.77
20:54:09,22.6,7.27,44.29
20:54:10,35.9,14.39,41.13
20:54:11,21.53,8.6,59.77
20:54:12,25.48,6.98,53.55
20:54:13,94.97,9.31,42.58
20:54:14,30.16,10.54,42.76
20:54:15,30.88,5.28,57.94
20:54:16,28.76,9.43,54.49
20:54:17,34.07,10.27,53.9
20:54:18,92.22,6.47,42.44
20:54:19,34.14,11.43,43.25
20:54:20,27.16,11.82,44.49
20:54:21,32.5,13.67,44.76
20:54:22,89.27,14.23,41.95
20:54:23,23.44,7.97,50.93
20:54:24,25.77,8.34,56.21
20:54:25,97.68,6.82,44.77
20:54:26,22.49,10.71,51.9
20:54:27,28.43,12.41,55.91
20:54:28,22.36,12.12,59.08
20:54:29,40.39,9.87,49.8
20:54:30,25.61,11.35,41.69
20:54:31,40.63,12.96,44.45
20:54:32,40.92,9.13,51.97
20:54:33,33.02,5.16,52.05
20:54:34,97.02,13.48,42.89
20:54:35,25.12,14.68,52.55
20:54:37,20.8,5.29,44.41
20:54:38,36.15,14.82,47.27
20:54:39,36.34,14.61,43.61
20:54:40,43.71,9.28,56.6
20:54:41,35.61,9.18,49.16
20:54:42,40.95,6.08,42.26
20:54:43,41.29,9.49,54.37
20:54:44,38.22,11.8,56.88
20:54:45,29.47,10.64,49.87
20:54:46,20.7,14.77,47.42
20:54:47,26.05,9.24,50.46
20:54:48,35.78,5.18,53.9
20:54:49,38.96,10.33,42.58
20:54:50,31.7,14.16,53.97
20:54:51,24.92,14.88,49.84
20:54:52,91.79,9.87,52.98
20:54:53,29.7,13.0,57.39
20:54:54,23.67,13.4,51.63
20:54:55,28.68,5.64,52.68
20:54:56,43.25,6.47,43.58
20:54:57,33.51,10.94,53.18
20:54:58,32.27,5.38,55.13
20:54:59,22.75,10.67,44.48
20:55:00,37.04,6.48,51.08
20:55:01,25.36,12.34,55.82
20:55:02,40.71,14.67,49.64
20:55:03,96.52,7.71,55.04
20:55:04,28.74,14.17,57.2
20:55:05,34.93,5.88,43.01
20:55:06,28.09,9.64,51.16
20:55:07,40.77,12.62,45.17
20:55:08,32.95,6.1,50.73
20:55:09,25.55,8.71,43.35
20:55:10,30.65,5.71,58.38
20:55:11,25.72,5.36,47.53
20:55:12,21.99,5.96,51.13
20:55:13,94.25,7.59,55.98
20:55:14,32.28,14.69,44.41
20:55:15,34.55,9.51,58.79
20:55:16,42.01,14.31,52.38
20:55:17,35.77,11.25,49.02
20:55:18,27.84,8.42,54.57
20:55:19,38.61,5.86,56.4
20:55:20,41.23,14.9,52.49
20:55:21,33.49,13.32,50.75
20:55:22,42.29,6.02,46.8
20:55:23,21.52,13.14,55.85
20:55:24,36.63,5.16,59.83
20:55:25,32.12,8.07,48.86
20:55:26,37.81,8.33,48.26
20:55:27,41.45,8.68,57.65
20:55:28,25.02,14.02,52.38
20:55:29,25.38,12.0,59.19
20:55:30,32.15,11.04,42.04
20:55:31,21.23,13.17,48.89
20:55:32,33.27,11.8,57.36
20:55:33,38.87,11.24,43.65
20:55:34,32.21,12.33,50.87
20:55:35,20.08,6.81,57.03
20:55:36,21.49,11.87,50.31
20:55:37,29.05,8.27,54.46
20:55:38,34.46,13.11,57.51
20:55:39,30.12,11.14,54.43
20:55:40,26.78,7.42,41.77
20:55:41,26.29,13.89,43.06
20:55:42,25.26,11.89,59.28
20:55:43,43.0,12.86,46.03
20:55:44,35.41,12.94,43.82
20:55:45,38.66,11.9,52.77
20:55:46,22.8,14.26,57.43
20:55:47,86.87,7.86,44.38
20:55:48,42.64,5.27,51.23
20:55:49,42.51,11.89,46.9
20:55:50,36.61,6.26,44.63
20:55:51,25.53,14.73,42.09
20:55:52,21.5,14.21,59.71
20:55:53,35.83,11.9,53.01
20:55:54,20.34,6.12,48.11
20:55:55,41.51,9.92,58.8
20:55:56,25.92,13.15,43.94
20:55:57,35.14,5.32,58.75
20:55:58,34.86,8.22,42.86
20:55:59,25.71,9.96,54.56
20:56:00,38.53,8.54,56.58
20:56:01,24.39,8.38,55.4
20:56:02,38.78,7.49,48.77
20:56:03,26.56,7.56,43.38
20:56:04,35.36,14.6,48.76
20:56:05,36.22,6.08,44.06
20:56:06,22.62,13.42,57.78
20:56:07,35.23,11.72,48.23
20:56:08,35.73,13.42,41.03
20:56:09,40.56,8.81,47.06
20:56:10,33.89,5.42,47.66
20:56:11,93.96,7.94,59.43
20:56:12,36.09,7.01,40.58
20:56:13,44.55,7.88,58.49
20:56:14,36.86,5.94,43.8
20:56:15,20.54,8.36,57.35
20:56:16,30.15,12.85,42.25
20:56:17,25.68,7.05,53.26
20:56:18,36.84,12.05,58.59
20:56:19,36.39,9.71,55.09
20:56:20,39.52,14.32,50.64
20:56:21,41.79,5.59,57.26
20:56:22,39.55,13.33,51.95
20:56:23,24.59,5.43,46.88
20:56:24,36.67,13.05,45.16
20:56:25,20.9,6.43,59.62
20:56:26,26.09,12.96,42.23
20:56:27,41.09,14.33,46.1
20:56:28,39.75,10.8,55.62
20:56:29,40.89,9.97,52.06
20:56:30,38.64,11.62,56.64
20:56:31,30.31,6.68,43.13
20:56:32,43.73,8.53,47.61
20:56:33,42.69,12.96,46.02
20:56:34,22.15,7.72,47.78
20:56:35,33.99,7.34,56.1
20:56:36,31.27,6.71,57.41
20:56:37,39.22,7.34,55.3
20:56:38,22.18,6.55,53.78
20:56:39,31.6,12.16,51.7
20:56:40,36.82,9.09,49.75
20:56:41,34.94,11.64,46.1
20:56:42,37.24,7.12,46.27
20:56:43,42.5,7.55,57.0
20:56:44,34.53,12.95,43.23
20:56:45,40.5,12.55,49.27
20:56:46,41.63,7.12,44.8
20:56:47,30.78,10.35,51.85
20:56:48,28.77,14.56,53.63
20:56:49,41.73,5.98,40.7
20:56:50,25.95,8.12,55.18
20:56:51,40.3,14.47,45.13
20:56:52,30.7,5.82,53.14
20:56:53,35.84,9.63,49.05
20:56:54,20.15,7.06,49.33
20:56:55,42.29,14.74,57.19
20:56:56,36.57,8.94,47.58
20:56:57,95.07,13.34,42.86
20:56:58,32.07,14.8,50.05
20:56:59,32.18,6.19,57.32
20:57:00,41.95,9.45,59.07
20:57:02,35.6,10.77,59.29
20:57:03,43.36,11.24,53.22
20:57:04,28.88,12.26,50.01
20:57:05,37.68,14.45,40.31
20:57:06,21.61,13.6,55.71
20:57:07,28.54,13.28,54.95
20:57:08,24.32,10.3,47.7
20:57:09,42.43,13.47,46.37
20:57:10,32.85,5.95,52.16
20:57:11,20.23,12.38,55.64
20:57:12,44.23,9.67,51.47
20:57:13,35.34,11.05,58.61
20:57:14,34.82,8.94,42.67
20:57:15,38.72,13.44,44.97
20:57:16,33.93,5.97,47.53
20:57:17,34.64,12.42,52.99
20:57:18,34.8,9.64,41.86
20:57:19,34.65,8.31,47.52
20:57:20,26.2,5.65,59.59
20:57:21,40.7,8.19,57.61
20:57:22,44.41,10.64,47.83
20:57:23,27.98,7.53,40.91
20:57:24,37.6,10.18,52.3
20:57:25,28.52,11.14,47.19
20:57:26,20.51,12.92,45.94
20:57:27,27.73,8.01,58.74
20:57:28,25.49,8.22,40.68
20:57:29,39.05,6.44,55.99
20:57:30,20.34,6.3,40.16
20:57:31,43.84,8.71,43.5
20:57:32,37.12,10.69,44.06
20:57:33,27.05,6.43,41.23
20:57:34,26.63,13.52,56.16
20:57:35,41.88,8.37,56.99
20:57:36,24.51,8.36,45.42
20:57:37,28.98,6.75,40.08
20:57:38,20.98,7.26,44.28
20:57:39,36.01,8.43,40.43
20:57:40,38.79,8.51,54.02
20:57:41,22.13,7.34,42.57
20:57:42,39.93,11.14,44.4
20:57:43,37.05,5.62,44.98
20:57:44,24.05,12.14,40.47
20:57:45,33.98,14.32,40.08
20:57:46,23.1,6.09,43.39
20:57:47,25.25,6.15,57.7
20:57:48,26.52,6.55,50.14
20:57:49,29.83,12.6,54.01
20:57:50,34.9,12.09,44.22
20:57:51,44.97,14.13,43.87
20:57:52,34.81,5.14,42.3
20:57:53,21.83,6.71,57.34
20:57:54,41.09,5.57,44.22
20:57:55,33.7,10.4,43.01
20:57:56,42.57,9.04,52.96
20:57:57,36.61,10.88,41.3
20:57:58,30.24,13.26,57.96
20:57:59,20.88,6.65,55.93
20:58:00,96.6,6.6,52.8
20:58:01,34.38,11.23,42.51
20:58:02,22.47,14.85,41.07
20:58:03,39.03,5.57,51.73
20:58:04,34.37,7.93,56.62
20:58:05,43.18,6.08,41.34
20:58:06,41.84,14.7,46.34
20:58:07,30.2,8.91,55.12
20:58:08,42.44,11.03,57.85
20:58:09,95.58,7.59,52.94
20:58:10,32.23,9.54,46.59
20:58:11,23.25,7.77,47.34
20:58:12,36.22,5.99,58.81
20:58:13,38.63,11.62,42.49
20:58:14,22.11,6.79,57.88
20:58:15,35.83,5.73,44.92
20:58:16,30.87,13.29,40.11
20:58:17,28.59,5.52,46.7
20:58:18,39.12,9.61,52.01
20:58:19,34.55,11.86,50.79
20:58:20,26.93,13.51,58.63
20:58:21,25.94,10.69,49.41
20:58:22,27.74,5.31,53.93
20:58:23,40.96,8.72,55.9
20:58:24,22.41,9.24,55.78
20:58:25,30.67,8.62,49.05
20:58:26,37.14,8.78,53.56
20:58:27,44.31,14.6,56.71
20:58:28,39.71,5.54,51.72
20:58:29,32.74,5.26,48.55
20:58:30,34.43,12.21,57.91
20:58:31,22.52,8.76,42.0
20:58:32,42.6,8.88,53.2
20:58:33,42.74,12.51,43.5
20:58:34,25.1,14.55,47.81
20:58:35,23.48,13.86,45.36
20:58:36,97.38,10.62,51.71
20:58:37,31.64,11.11,42.05
20:58:38,24.16,6.14,46.37
20:58:39,34.04,8.55,43.88
20:58:40,29.14,9.75,40.84
20:58:41,34.26,13.94,54.01
20:58:42,85.16,7.23,47.92
20:58:43,30.84,9.33,59.0
20:58:44,21.86,9.48,40.86
20:58:45,29.9,7.02,45.44
20:58:46,41.86,9.45,45.29
20:58:47,38.89,8.67,53.8
20:58:48,29.3,7.81,55.55
20:58:49,43.33,13.41,57.56
20:58:50,24.98,9.55,59.67
20:58:51,26.42,11.13,48.53
20:58:52,24.82,10.56,46.04
20:58:53,31.32,13.52,44.09
20:58:54,34.92,13.22,44.96
20:58:55,30.53,7.31,52.79
20:58:56,27.29,7.4,56.73
20:58:57,31.3,14.0,46.23
20:58:58,23.16,5.32,42.07
20:58:59,42.43,8.86,42.38
20:59:00,20.79,13.2,49.4
20:59:01,28.41,12.95,43.01
20:59:02,38.02,7.73,53.12
20:59:03,40.46,10.6,52.52
20:59:04,22.39,6.32,50.42
20:59:05,34.01,8.89,55.58
20:59:06,87.44,13.35,50.31
20:59:07,21.85,7.63,43.98
20:59:08,31.69,11.08,57.81
20:59:09,41.6,11.47,57.65
20:59:10,37.83,9.09,48.65
20:59:11,22.39,9.08,58.66
20:59:12,23.56,14.29,43.46
20:59:13,32.56,11.41,49.08
20:59:14,36.54,5.52,58.63
20:59:15,40.18,14.06,49.62
20:59:16,21.41,5.14,54.52
20:59:17,26.11,13.81,45.15
20:59:18,44.87,5.9,50.17
20:59:19,22.9,9.88,51.41
20:59:20,25.31,12.22,49.81
20:59:21,35.56,10.83,57.88
20:59:22,26.12,5.61,48.91
20:59:23,34.07,14.3,47.61
20:59:24,24.29,5.97,46.4
20:59:25,30.73,9.8,50.89
20:59:27,37.43,8.86,49.75
20:59:28,32.95,8.67,42.15
20:59:29,34.19,12.0,50.32
20:59:30,35.79,6.5,52.83
20:59:31,30.17,5.22,59.47
20:59:32,20.65,7.18,43.06
20:59:33,37.23,10.66,54.18
20:59:34,37.26,6.29,40.66
20:59:35,31.16,8.56,59.74
20:59:36,26.66,8.07,40.7
20:59:37,24.22,14.61,40.91
20:59:38,25.18,10.05,51.62
20:59:39,43.59,14.49,53.2
20:59:40,33.21,12.26,53.11
20:59:41,32.52,12.61,46.08
20:59:42,37.8,7.69,47.62
20:59:43,23.35,11.45,48.79
20:59:44,22.6,6.79,42.72
20:59:45,38.44,7.14,57.99
20:59:46,87.53,9.97,56.04
20:59:47,32.39,7.17,45.6
20:59:48,26.87,7.19,51.12
20:59:49,31.32,11.33,40.42
20:59:50,21.27,5.22,57.43
20:59:51,37.04,10.26,58.9
20:59:52,23.07,6.6,51.6
20:59:53,96.86,11.79,43.24
20:59:54,43.29,6.62,42.33
20:59:55,37.91,14.22,56.82
20:59:56,41.06,11.25,41.97
20:59:57,30.88,5.98,41.23
20:59:58,39.82,8.04,51.8
20:59:59,24.58,7.47,43.15
21:00:00,31.55,6.84,49.23
21:00:01,31.07,7.12,41.79
21:00:02,22.39,6.31,50.06
21:00:03,44.16,6.07,51.6
21:00:04,33.77,8.72,53.12
21:00:05,33.27,10.79,43.67
21:00:06,32.59,10.84,40.44
21:00:07,37.15,9.41,54.22
21:00:08,33.78,10.11,55.52
21:00:09,36.22,11.75,50.27
21:00:10,34.88,12.95,49.92
21:00:11,32.25,12.58,54.12
21:00:12,30.07,11.02,45.62
21:00:13,44.82,11.13,44.96
21:00:14,41.36,10.58,42.67
21:00:15,35.19,11.57,40.68
21:00:16,39.64,8.38,45.88
21:00:17,41.5,9.78,57.24
21:00:18,21.18,13.17,44.93
21:00:19,31.17,10.21,52.61
21:00:20,21.11,5.69,55.88
21:00:21,25.82,10.31,40.96
21:00:22,26.37,13.89,51.32
21:00:23,44.35,13.13,57.97
21:00:24,21.27,11.96,58.15
21:00:25,33.22,12.92,45.77
21:00:26,24.74,13.15,40.38
21:00:27,22.53,7.26,59.46
21:00:28,41.23,5.99,50.14
21:00:29,43.16,11.13,58.97
21:00:30,36.3,11.18,57.65
21:00:31,29.26,7.49,47.09
21:00:32,85.88,11.87,40.04
21:00:33,20.34,10.01,49.5
21:00:34,34.32,9.79,41.58
21:00:35,29.62,9.67,41.5
21:00:36,33.51,13.14,45.31
21:00:37,42.97,10.38,40.16
21:00:38,21.09,10.42,45.83
21:00:39,42.98,13.49,44.77
21:00:40,39.7,10.26,43.97
21:00:41,32.43,12.29,40.02
21:00:42,22.16,13.65,40.07
21:00:43,35.52,8.93,52.13
21:00:44,38.25,5.19,54.51
21:00:45,34.14,12.33,53.4
21:00:46,27.75,13.27,43.01
21:00:47,44.58,7.16,50.51
21:00:48,41.16,6.78,50.92
21:00:49,30.84,11.32,49.35
21:00:50,36.7,5.02,56.99
21:00:51,38.2,6.25,40.44
21:00:52,97.98,9.99,51.68
21:00:53,34.61,7.53,57.32
21:00:54,27.37,10.99,45.44
21:00:55,31.63,8.6,51.54
21:00:56,28.59,5.56,59.41
21:00:57,27.74,13.47,47.13
21:00:58,28.56,8.1,49.38
21:00:59,30.58,6.49,54.64
21:01:00,29.0,11.1,48.8
21:01:01,39.84,5.89,49.17
21:01:02,29.26,9.42,52.88
21:01:03,29.47,12.44,59.97
21:01:04,30.24,9.2,44.11
21:01:05,25.56,6.42,52.79
21:01:06,30.75,14.56,44.01
21:01:07,37.95,13.93,59.32
21:01:08,42.33,10.15,50.84
21:01:09,23.18,13.93,40.49
21:01:10,22.16,11.03,56.04
21:01:11,34.13,12.08,56.28
21:01:12,35.26,10.94,49.72
21:01:13,21.77,6.86,48.11
21:01:14,23.36,13.61,51.48
21:01:15,40.6,12.22,56.69
21:01:16,38.38,8.54,42.92
21:01:17,33.38,8.39,55.73
21:01:18,22.28,14.69,54.42
21:01:19,38.77,10.57,47.7
21:01:20,29.99,14.26,46.9
21:01:21,30.77,12.73,56.86
21:01:22,95.99,10.53,41.79
21:01:23,20.96,9.5,43.81
21:01:24,30.61,11.93,51.26
21:01:25,40.76,5.44,58.96
21:01:26,44.47,6.31,55.66
21:01:27,23.51,13.59,53.65
21:01:28,44.39,8.33,52.3
21:01:29,36.45,12.95,56.72
21:01:30,38.01,13.9,49.05
21:01:31,26.06,12.26,43.83
21:01:32,38.51,10.13,44.4
21:01:33,42.55,14.87,46.63
21:01:34,36.03,9.99,44.74
21:01:35,33.76,12.84,52.03
21:01:36,42.4,12.77,58.58
21:01:37,31.17,8.46,40.62
21:01:38,94.47,14.55,51.43
21:01:39,37.68,5.79,48.69
21:01:40,32.77,14.96,51.21
21:01:41,43.47,10.12,45.1
21:01:42,36.33,7.42,51.33
21:01:43,44.8,11.4,50.67
21:01:44,24.46,13.31,51.55
21:01:45,20.83,7.83,50.41
21:01:46,21.49,6.52,57.96
21:01:47,39.78,13.26,45.67
21:01:48,23.74,9.9,55.42
21:01:49,38.46,7.86,40.94
21:01:50,28.45,11.74,43.45
21:01:51,21.42,8.7,53.59
21:01:53,40.84,7.88,45.35
21:01:54,27.75,14.43,56.59
21:01:55,37.17,13.88,53.31
21:01:56,39.75,11.26,58.25
21:01:57,25.29,9.29,41.4
21:01:58,39.92,8.96,50.22
21:01:59,26.07,13.51,49.78
21:02:00,21.7,6.44,45.9
21:02:01,27.6,14.43,59.21
21:02:02,36.17,7.07,43.4
21:02:03,34.53,11.29,51.73
21:02:04,27.0,6.74,53.33
21:02:05,25.14,10.42,40.53
21:02:06,24.21,9.19,43.87
21:02:07,34.52,11.28,51.46
21:02:08,40.97,10.06,51.24
21:02:09,25.8,14.84,42.33
21:02:10,34.18,14.65,48.67
21:02:11,21.42,5.05,42.17
21:02:12,41.6,11.6,53.73
21:02:13,28.25,11.53,52.16
21:02:14,21.94,8.3,45.89
21:02:15,36.15,11.2,40.67
21:02:16,93.17,8.61,42.92
21:02:17,42.84,8.78,48.99
21:02:18,32.42,13.51,43.19
21:02:19,39.61,11.71,52.62
21:02:20,28.02,7.28,52.43
21:02:21,29.37,8.53,46.01
21:02:22,23.89,5.39,59.13
21:02:23,25.91,9.82,43.81
21:02:24,21.69,6.13,40.3
21:02:25,43.49,8.52,42.84
21:02:26,39.53,5.68,40.35
21:02:27,34.89,8.21,45.03
21:02:28,27.27,10.64,48.02
21:02:29,31.37,5.72,46.53
21:02:30,28.96,7.26,48.65
21:02:31,34.42,11.28,55.58
21:02:32,36.37,10.3,50.02
21:02:33,33.92,7.22,45.2
21:02:34,32.7,12.35,50.37
21:02:35,23.01,14.93,56.61
21:02:36,26.69,10.11,51.61
21:02:37,34.5,11.46,50.01
21:02:38,86.31,10.99,49.29
21:02:39,29.45,9.19,50.23
21:02:40,23.31,6.61,52.54
21:02:41,86.1,9.94,56.82
21:02:42,41.02,11.88,42.03
21:02:43,35.62,5.86,50.74
21:02:44,26.45,5.33,43.29
21:02:45,31.83,10.16,53.07
21:02:46,32.66,12.58,45.48
21:02:47,23.93,13.74,47.38
21:02:48,36.94,14.99,44.04
21:02:49,26.84,5.43,45.04
21:02:50,32.15,13.96,58.78
21:02:51,35.63,6.58,48.01
21:02:52,85.03,7.83,48.15
21:02:53,38.35,7.67,48.76
21:02:54,31.45,14.54,44.18
21:02:55,38.53,5.63,43.08
21:02:56,31.44,8.76,47.14
21:02:57,35.0,5.31,49.46
21:02:58,38.72,8.6,50.5
21:02:59,20.85,12.68,54.11
21:03:00,35.2,6.63,43.7
21:03:01,44.22,9.55,54.7
21:03:02,30.16,11.93,48.5
21:03:03,36.56,5.52,55.61
21:03:04,36.41,13.88,48.94
21:03:05,40.49,13.63,42.04
21:03:06,86.59,8.77,57.87
21:03:07,42.59,9.27,50.42
21:03:08,29.87,12.38,44.02
21:03:09,22.93,9.29,55.06
21:03:10,21.12,14.55,42.15
21:03:11,34.23,14.86,58.35
21:03:12,20.79,9.07,44.64
21:03:13,27.43,6.71,46.85
21:03:14,21.02,9.95,45.95
21:03:15,37.5,14.26,55.54
21:03:16,24.22,11.63,45.72
21:03:17,26.79,7.29,50.88
21:03:18,30.05,10.12,54.59
21:03:19,30.75,11.74,55.79
21:03:20,33.72,8.03,59.17
21:03:21,32.28,6.39,51.25
21:03:22,31.74,6.07,59.83
21:03:23,27.2,11.56,56.35
21:03:24,42.34,7.5,53.99
21:03:25,29.9,6.78,41.42
21:03:26,25.68,13.2,45.19
21:03:27,33.26,11.09,47.47
21:03:28,28.43,5.86,42.82
21:03:29,34.99,12.41,50.39
21:03:30,32.51,11.38,41.26
21:03:31,41.69,5.42,57.74
21:03:32,36.28,13.87,45.53
21:03:33,43.82,14.48,49.57
21:03:34,28.58,12.11,54.16
21:03:35,35.43,11.82,58.38
21:03:36,43.71,6.89,55.07
21:03:37,30.9,6.12,46.11
21:03:38,20.83,7.05,41.58
21:03:39,20.41,5.56,48.97
21:03:40,33.18,6.49,50.29
21:03:41,39.94,14.52,42.86
21:03:42,30.13,5.84,48.47
21:03:43,42.56,11.15,48.13
21:03:44,30.24,13.61,54.12
21:03:45,44.09,14.97,45.94
21:03:46,33.55,10.35,40.28
21:03:47,89.01,7.6,54.81
21:03:48,43.66,12.45,56.8
21:03:49,35.01,5.32,53.64
21:03:50,38.44,9.36,47.07
21:03:51,92.64,8.45,44.12
21:03:52,38.45,6.06,49.0
21:03:53,29.59,14.73,55.07
21:03:54,24.79,11.27,41.45
21:03:55,22.09,10.6,42.93
21:03:56,32.42,5.69,42.74
21:03:57,42.2,6.13,47.47
21:03:58,31.99,14.09,43.9
21:03:59,36.36,9.1,58.99
21:04:00,94.69,13.18,58.57
21:04:01,28.81,8.1,50.41
21:04:02,43.22,14.53,48.71
21:04:03,36.33,8.9,40.25
21:04:04,42.43,12.19,48.31
21:04:05,40.36,10.74,47.81
21:04:06,27.92,7.64,54.8
21:04:07,85.85,8.79,43.6
21:04:08,33.04,10.92,48.38
21:04:09,24.92,13.49,58.97
21:04:10,33.06,11.2,57.94
21:04:11,96.61,6.58,42.48
21:04:12,85.85,11.78,52.15
21:04:13,43.17,14.86,45.34
21:04:14,31.88,10.59,41.45
21:04:15,31.65,10.9,51.54
21:04:16,34.63,8.02,47.82
21:04:17,29.39,5.84,56.09
21:04:18,28.39,13.46,53.4
21:04:19,30.59,13.43,45.47
21:04:20,23.05,13.29,42.25
21:04:21,33.74,12.83,54.05
21:04:22,21.33,6.78,53.86
21:04:23,44.13,12.67,46.78
21:04:24,21.69,14.98,53.67
21:04:25,21.94,5.34,59.76
21:04:26,27.26,7.82,41.09
21:04:27,38.76,5.13,47.84
21:04:28,22.73,5.44,56.15
21:04:29,43.79,6.3,52.62
21:04:30,23.57,10.13,42.97
21:04:31,26.17,13.92,48.92
21:04:32,42.37,9.64,53.12
21:04:33,34.0,12.68,53.65
21:04:34,33.83,8.06,59.98
21:04:35,36.88,14.46,55.3
21:04:36,43.71,9.99,54.96
21:04:37,31.71,9.07,40.0
21:04:38,27.81,8.7,51.55
21:04:39,25.83,13.14,57.52
21:04:40,24.3,11.79,56.3
21:04:41,22.1,14.36,48.63
21:04:42,24.68,11.77,52.71
21:04:43,22.46,14.23,46.56
21:04:44,31.78,5.5,40.33
21:04:45,37.83,12.17,58.86
21:04:46,87.84,9.27,46.25
21:04:47,22.65,5.51,50.77
21:04:48,33.8,13.42,49.35
21:04:50,35.28,10.69,55.34
21:04:51,29.91,10.98,53.26
21:04:52,32.47,11.68,56.75
21:04:53,40.3,7.88,44.43
21:04:54,20.53,11.33,40.49
21:04:55,22.63,6.49,59.59
21:04:56,39.83,12.14,47.21
21:04:57,38.77,8.71,42.36
21:04:58,22.97,11.55,54.08
21:04:59,29.21,13.74,42.7
21:05:00,38.34,7.87,46.88
21:05:01,34.69,11.93,59.55
21:05:02,35.04,10.59,59.59
21:05:03,37.04,7.32,57.64
21:05:04,26.69,9.2,47.34
21:05:05,37.2,9.85,55.17
21:05:06,24.25,13.18,56.22
21:05:07,41.84,7.08,54.67
21:05:08,26.43,9.57,50.58
21:05:09,32.03,13.92,43.22
21:05:10,37.69,13.42,45.56
21:05:11,44.23,12.11,49.43
21:05:12,37.71,12.97,53.64
21:05:13,22.07,12.74,40.55
21:05:14,43.23,5.19,44.38
21:05:15,22.84,9.51,49.69
21:05:16,36.09,5.3,54.94
21:05:17,21.39,13.35,57.51
21:05:18,33.4,5.72,50.43
21:05:19,31.14,6.79,59.36
21:05:20,23.94,11.81,59.76
21:05:21,97.19,10.51,43.54
21:05:22,26.19,12.58,54.02
21:05:23,89.1,6.15,58.21
21:05:24,20.97,5.72,55.82
21:05:25,22.76,8.63,41.96
21:05:26,25.9,8.13,51.38
21:05:27,38.34,8.34,53.97
21:05:28,39.78,11.79,55.22
21:05:29,35.02,14.84,52.0
21:05:30,42.87,10.12,55.25
21:05:31,23.83,13.86,51.83
21:05:32,26.41,13.42,47.05
21:05:33,29.17,10.85,49.28
21:05:34,41.59,11.63,49.26
21:05:35,35.64,11.44,40.92
21:05:36,39.09,10.41,53.51
21:05:37,37.55,14.75,51.15
21:05:38,35.64,6.57,41.13
21:05:39,43.44,8.5,50.71
21:05:40,20.26,5.37,46.92
21:05:41,30.94,9.59,54.61
21:05:42,43.67,10.76,43.62
21:05:43,34.84,14.16,46.64
21:05:44,91.0,5.16,54.37
21:05:45,42.64,8.09,42.45
21:05:46,31.69,13.4,42.22
21:05:47,21.01,10.06,43.2
21:05:48,38.58,9.86,52.42
21:05:49,44.31,7.53,45.62
21:05:50,27.43,12.03,45.14
21:05:51,34.33,13.63,48.23
21:05:52,30.4,8.84,42.36
21:05:53,28.24,12.73,58.34
21:05:54,37.98,14.62,43.74
21:05:55,44.4,6.57,57.48
21:05:56,24.39,6.7,42.34
21:05:57,96.74,13.22,54.92
21:05:58,23.43,12.28,59.64
21:05:59,36.68,11.85,53.1
21:06:00,29.25,10.3,44.15
21:06:01,34.95,14.53,58.34
21:06:02,40.89,10.89,54.64
21:06:03,20.09,13.08,45.57
21:06:04,25.85,13.77,58.12
21:06:05,21.72,10.96,42.78
21:06:06,42.73,8.78,47.5
21:06:07,24.32,12.91,40.09
21:06:08,34.01,13.55,56.03
21:06:09,39.66,6.87,54.08
21:06:10,93.69,13.21,57.42
21:06:11,21.75,11.75,44.35
21:06:12,35.14,14.81,43.73
21:06:13,39.3,6.65,58.63
21:06:14,29.68,12.73,53.35
21:06:15,26.23,11.8,49.19
21:06:16,32.03,8.61,52.27
21:06:17,36.96,13.54,54.37
21:06:18,25.88,5.89,43.19
21:06:19,32.78,6.63,42.82
21:06:20,30.94,9.71,42.04
21:06:21,23.8,13.37,43.09
21:06:22,43.96,11.09,51.64
21:06:23,25.04,12.78,47.03
21:06:24,38.92,6.34,46.26
21:06:25,32.91,13.88,40.83
21:06:26,20.32,10.74,55.29
21:06:27,31.44,12.36,57.92
21:06:28,26.12,9.74,41.77
21:06:29,27.38,12.49,51.06
21:06:30,43.18,5.85,43.31
21:06:31,22.24,5.72,52.69
21:06:32,33.95,11.84,53.64
21:06:33,31.66,8.58,56.7
21:06:34,21.6,10.12,47.29
21:06:35,28.56,5.94,43.77
21:06:36,20.01,8.44,45.02
21:06:37,44.13,12.21,53.75
21:06:38,36.63,10.51,47.26
21:06:39,34.88,11.67,48.22
21:06:40,24.79,12.1,44.68
21:06:41,39.74,14.97,46.29
21:06:42,33.69,13.81,55.29
21:06:43,27.83,14.48,50.45
21:06:44,24.0,8.83,59.96
21:06:45,26.56,9.11,57.68
21:06:46,91.07,12.18,40.3
21:06:47,38.61,9.36,43.87
